{
    "meshes": [
        {
            "name": "star",
            "id": "a6f4dcf7-ca41-4901-97a9-e2e812415505",
            "uniqueId": 1764246000761,
            "type": "Mesh",
            "position": [
                0,
                0,
                0
            ],
            "rotationQuaternion": [
                2.4410165162584838e-62,
                -3.986482499212041e-46,
                1,
                6.123233995736766e-17
            ],
            "scaling": [
                12.511002703043873,
                -12.511002703043836,
                12.511002703043895
            ],
            "localMatrix": [
                1,
                0,
                0,
                0,
                0,
                1,
                0,
                0,
                0,
                0,
                1,
                0,
                0,
                0,
                0,
                1
            ],
            "isEnabled": true,
            "isVisible": true,
            "infiniteDistance": false,
            "pickable": true,
            "receiveShadows": true,
            "billboardMode": 0,
            "visibility": 1,
            "alwaysSelectAsActiveMesh": false,
            "checkCollisions": false,
            "ellipsoid": [
                0.5,
                1,
                0.5
            ],
            "ellipsoidOffset": [
                0,
                0,
                0
            ],
            "doNotSyncBoundingInfo": false,
            "isBlocker": false,
            "sideOrientation": 0,
            "isUnIndexed": false,
            "geometryUniqueId": 1764246000762,
            "geometryId": "2d1fd9e8-1861-4e54-a324-3ca0525d3386",
            "subMeshes": null,
            "materialUniqueId": 1753696953292,
            "materialId": "6f138a9f-e8e4-4478-846a-a9c75312a3ec",
            "metadata": {
                "parentId": 1764246000760
            },
            "instances": [],
            "animations": [],
            "ranges": [],
            "layerMask": 268435455,
            "alphaIndex": 1.7976931348623157e+308,
            "hasVertexAlpha": false,
            "overlayAlpha": 0,
            "overlayColor": [
                0,
                0,
                0
            ],
            "renderOverlay": false,
            "applyFog": true,
            "delayLoadingFile": "assets/main.scene/geometries/2d1fd9e8-1861-4e54-a324-3ca0525d3386.babylonbinarymeshdata",
            "boundingBoxMaximum": [
                2.135528326034546,
                2.279418468475342,
                0.8578360080718994
            ],
            "boundingBoxMinimum": [
                -2.185804605484009,
                -1.909148097038269,
                -0.857884407043457
            ],
            "_binaryInfo": {
                "positionsAttrDesc": {
                    "count": 6186,
                    "stride": 3,
                    "offset": 0,
                    "dataType": 1
                },
                "normalsAttrDesc": {
                    "count": 6186,
                    "stride": 3,
                    "offset": 24744,
                    "dataType": 1
                },
                "indicesAttrDesc": {
                    "count": 12360,
                    "stride": 1,
                    "offset": 49488,
                    "dataType": 0
                },
                "subMeshesAttrDesc": {
                    "count": 1,
                    "stride": 5,
                    "offset": 98928,
                    "dataType": 0
                }
            },
            "positions": null,
            "normals": null,
            "indices": null
        }
    ],
    "transformNodes": [],
    "cameras": [],
    "lights": [],
    "materials": [
        {
            "tags": null,
            "directIntensity": 1,
            "emissiveIntensity": 1,
            "environmentIntensity": 1,
            "specularIntensity": 1,
            "disableBumpMap": false,
            "ambientTextureStrength": 1,
            "ambientTextureImpactOnAnalyticalLights": 0,
            "metallic": 0.6299999999999997,
            "roughness": 0.16999999999999998,
            "metallicF0Factor": 1,
            "metallicReflectanceColor": [
                1,
                1,
                1
            ],
            "useOnlyMetallicFromMetallicReflectanceTexture": false,
            "ambient": [
                0,
                0,
                0
            ],
            "albedo": [
                0.9870689655172413,
                0.9870689655172413,
                0.9870689655172413
            ],
            "baseWeight": 1,
            "reflectivity": [
                1,
                1,
                1
            ],
            "reflection": [
                1,
                1,
                1
            ],
            "emissive": [
                0,
                0,
                0
            ],
            "microSurface": 1,
            "useLightmapAsShadowmap": false,
            "useAlphaFromAlbedoTexture": false,
            "forceAlphaTest": false,
            "alphaCutOff": 0.4,
            "useSpecularOverAlpha": true,
            "useMicroSurfaceFromReflectivityMapAlpha": false,
            "useRoughnessFromMetallicTextureAlpha": true,
            "useRoughnessFromMetallicTextureGreen": false,
            "useMetallnessFromMetallicTextureBlue": false,
            "useAmbientOcclusionFromMetallicTextureRed": false,
            "useAmbientInGrayScale": false,
            "useAutoMicroSurfaceFromReflectivityMap": false,
            "usePhysicalLightFalloff": true,
            "useGLTFLightFalloff": false,
            "useRadianceOverAlpha": true,
            "useObjectSpaceNormalMap": false,
            "useParallax": false,
            "useParallaxOcclusion": false,
            "parallaxScaleBias": 0.05,
            "disableLighting": false,
            "forceIrradianceInFragment": false,
            "maxSimultaneousLights": 32,
            "invertNormalMapX": false,
            "invertNormalMapY": false,
            "twoSidedLighting": false,
            "useAlphaFresnel": false,
            "useLinearAlphaFresnel": false,
            "forceNormalForward": false,
            "enableSpecularAntiAliasing": false,
            "useHorizonOcclusion": true,
            "useRadianceOcclusion": true,
            "unlit": false,
            "applyDecalMapAfterDetailMap": false,
            "id": "6f138a9f-e8e4-4478-846a-a9c75312a3ec",
            "name": "icon",
            "checkReadyOnEveryCall": false,
            "checkReadyOnlyOnce": false,
            "state": "",
            "alpha": 1,
            "backFaceCulling": true,
            "cullBackFaces": true,
            "_alphaMode": [
                2
            ],
            "_needDepthPrePass": false,
            "disableDepthWrite": false,
            "disableColorWrite": false,
            "forceDepthWrite": false,
            "depthFunction": 0,
            "separateCullingPass": false,
            "fogEnabled": true,
            "pointSize": 1,
            "zOffset": 0,
            "zOffsetUnits": 0,
            "pointsCloud": false,
            "fillMode": 0,
            "_isVertexOutputInvariant": false,
            "transparencyMode": 0,
            "stencil": {
                "tags": null,
                "func": 519,
                "backFunc": 519,
                "funcRef": 1,
                "funcMask": 255,
                "opStencilFail": 7680,
                "opDepthFail": 7680,
                "opStencilDepthPass": 7681,
                "backOpStencilFail": 7680,
                "backOpDepthFail": 7680,
                "backOpStencilDepthPass": 7681,
                "mask": 255,
                "enabled": false
            },
            "uniqueId": 1753696953292,